url,label
https://xmrth.com/auth/register,CloudflareDefenseV2
https://forust.net/auth/register,CloudflareDefenseV2
https://heipog.xyz/auth/register,CloudflareDefenseV2
https://pubvpn.xyz/auth/register,CloudflareDefenseV2
https://sttlink.com/auth/register,CloudflareDefenseV2
https://www.bfgnet.icu/auth/register,CloudflareDefenseV2
https://caonimei.xyz/auth/register,CloudflareDefenseV2
https://摇曳.com/auth/register,CloudflareDefenseV2
https://0x000.store/auth/register,CloudflareDefenseV2
https://xixi55.net/auth/register,CloudflareDefenseV2
https://www.pilor.net/auth/register,CloudflareDefenseV2
https://renzhe.cloud/auth/register,CloudflareDefenseV2
https://friendsren.com/auth/register,CloudflareDefenseV2
https://bzyun.xyz/auth/register,CloudflareDefenseV2
https://abxyz.xyz/auth/register,CloudflareDefenseV2
https://yuko.work/auth/register,CloudflareDefenseV2
https://test.biubiufly.monster/auth/register,Email Validation
https://matrixap.com/auth/register,Email Validation
https://alpha.yahagi.vip/auth/register,Email Validation
https://www.duguletian.com/auth/register,Email Validation
https://www.speedcloud.me/auth/register,Email Validation
https://关于gfw娘是个小碧池这件事.我有一句mmp要讲.com/auth/register,Email Validation
https://www.66yun104.xyz/auth/register,Email Validation
https://ziyun.cyou/auth/register,Email Validation
https://protal.clsnetwork.co/auth/register,Email Validation
https://woshixiaomao.com/auth/register,Email Validation
https://yedao332.xyz/auth/register,Email Validation
https://rinki.xyz/auth/register,Email Validation
https://xxjc.in/auth/register,Email Validation
https://27ssr.com/auth/register,Email Validation
https://ooicat.org/auth/register,Email Validation
https://66yun104.xyz/auth/register,Email Validation
https://ssrxxjc.com/auth/register,Email Validation
https://tztznn.com/auth/register,Email Validation
https://ooicat.com/auth/register,Email Validation
https://不可能.真不是懒狗.我有一句mmp要讲.com/auth/register,Email Validation
https://wmsxwd-c.men/auth/register,Email Validation
https://xbnfie4u6yjh3wye4zmr.stcserver-cloud.com/auth/register,Email Validation
https://www.guoyuanbar.com/auth/register,Email Validation
https://www.shidongli133.xyz/auth/register,Email Validation
https://www.mjjspeed.com/auth/register,Email Validation
https://my.hkssnetwork.org/auth/register,Email Validation
https://piecloud.xyz/auth/register,Email Validation
https://gamma.pcr.cy/auth/register,Email Validation
https://ss.abab.link/auth/register,Email Validation
https://wmsxwd-a.men/auth/register,Email Validation
https://deyun133.xyz/auth/register,Email Validation
https://www.tztznn.com/auth/register,Email Validation
https://www.shidongli136.xyz/auth/register,Email Validation
https://sbin.fun/auth/register,Email Validation
https://bailemen12.xyz/auth/register,Email Validation
https://www.kaola10.com/auth/register,Email Validation;GeeTest Validation
https://vip.zlinweb.com/auth/register,Email Validation;GeeTest Validation
https://kuaiyin.info/auth/register,Email Validation;GeeTest Validation
https://mtfq.xyz/auth/register,Email Validation;GeeTest Validation
https://www.ooocloud.top/auth/register,Email Validation;GeeTest Validation
https://724cloud.org/auth/register,Email Validation;GeeTest Validation
https://ss.paomian.party/auth/register,Email Validation;GeeTest Validation
https://1.akkcloud1.com/auth/register,GeeTest Validation
https://0dy998.xyz/auth/register,GeeTest Validation
https://xsjv2.com/auth/register,GeeTest Validation
https://gflink.net/auth/register,GeeTest Validation
https://wgy0.com/auth/register,GeeTest Validation
https://juziyun66.com/auth/register,GeeTest Validation
https://mzones.cc/auth/register,GeeTest Validation
https://sy168.site/auth/register,GeeTest Validation
https://gogo.bid/auth/register,GeeTest Validation
https://www.huaxiang.pro/auth/register,GeeTest Validation
https://wocaovee.xyz/auth/register,GeeTest Validation
https://dotunnel005.com/auth/register,GeeTest Validation
https://hifu365.com/auth/register,GeeTest Validation
https://user.huojian999.com/auth/register,GeeTest Validation
https://www.liuchangyun.com/auth/register,GeeTest Validation
https://www.jssr.cc/auth/register,GeeTest Validation
https://543216.xyz/auth/register,GeeTest Validation
https://60cloud.xyz/auth/register,GeeTest Validation
https://www.douluos.xyz/auth/register,GeeTest Validation
https://muguacloud.club/auth/register,GeeTest Validation
https://cloudupup.com/auth/register,GeeTest Validation
https://hivessr.com/auth/register,GeeTest Validation
https://www.wangzi.edu.pl/auth/register,GeeTest Validation
https://pro.fswk.net/auth/register,GeeTest Validation
https://my.xyss.xyz/auth/register,GeeTest Validation
https://1929.work/auth/register,GeeTest Validation
https://1062c.one/auth/register,GeeTest Validation
https://chifil.net/auth/register,GeeTest Validation
https://tanz.website/auth/register,GeeTest Validation
https://doggetech.com/auth/register,GeeTest Validation
https://www.99ftq.xyz/auth/register,GeeTest Validation
https://oceancloud.asia/auth/register,GeeTest Validation
https://suying222.net/auth/register,GeeTest Validation
https://juzi66.com/auth/register,GeeTest Validation
https://ssthy.com/auth/register,GeeTest Validation
https://www.123jsq.top/auth/register,GeeTest Validation
https://www.paopaoyun.fun/auth/register,GeeTest Validation
https://vyun.one/auth/register,GeeTest Validation
https://浦东国际机场.com/auth/register,GeeTest Validation
https://60dcloud.xyz/auth/register,GeeTest Validation
https://clashcloud.org/auth/register,GeeTest Validation
https://daboluo.uuufo.xyz/auth/register,GeeTest Validation
https://30dcloud.xyz/auth/register,GeeTest Validation
https://www.cxkv2.xyz/auth/register,GeeTest Validation
https://www.vvac.asia/auth/register,GeeTest Validation
https://milou.cc/auth/register,GeeTest Validation
https://www.wiougong.space/auth/register,GeeTest Validation
https://zhuzhu12.xyz/auth/register,GeeTest Validation
https://tntv2.com/auth/register,GeeTest Validation
https://少数人.com/auth/register,GeeTest Validation
https://www.ginfem.com/auth/register,GeeTest Validation
https://789vpn.top/auth/register,GeeTest Validation
https://suyunti5.net/auth/register,GeeTest Validation
https://panel.testred.xyz/auth/register,GeeTest Validation
https://chaoxi.fun/auth/register,GeeTest Validation
https://geess.pw/auth/register,GeeTest Validation
https://www.jssrvpnssr.xyz/auth/register,GeeTest Validation
https://sspiev2.com/auth/register,GeeTest Validation
https://muniucloud.one/auth/register,GeeTest Validation
https://yujiasu.click/auth/register,GeeTest Validation
https://www.sparda.cc/auth/register,GeeTest Validation
https://maossr.top/auth/register,GeeTest Validation
https://66jsq.top/auth/register,GeeTest Validation
https://gogoveepien8.xyz/auth/register,GeeTest Validation
https://gogoo.cyou/auth/register,GeeTest Validation
https://www.dabai.in/auth/register,GeeTest Validation
https://www.2233cloud.com/auth/register,GeeTest Validation
https://www.mxyssr.fun/auth/register,GeeTest Validation
https://www.xiaohouzilaaa.xyz/auth/register,GeeTest Validation
https://xyss.xyz/auth/register,GeeTest Validation
https://www.ladder-lab.xyz/auth/register,GeeTest Validation
https://ginfem.net/auth/register,GeeTest Validation
https://muguacloud.win/auth/register,GeeTest Validation
https://88xxa.one/auth/register,GeeTest Validation
https://qwword.xyz/auth/register,GeeTest Validation
https://少数人.moe/auth/register,GeeTest Validation
https://feisucloud.com/auth/register,GeeTest Validation
https://lei-su.com/auth/register,GeeTest Validation
https://jike138.com/auth/register,GeeTest Validation
https://www.91ftq.com/auth/register,GeeTest Validation
https://www.lico.club/auth/register,GeeTest Validation
https://youyun688.net/auth/register,GeeTest Validation
https://www.axcc.me/auth/register,GeeTest Validation
https://feisucloud.net/auth/register,GeeTest Validation
https://jike0001.net/auth/register,GeeTest Validation
https://suyunti.com/auth/register,GeeTest Validation
https://www.wolun7.com/auth/register,GeeTest Validation
https://www.543216.xyz/auth/register,GeeTest Validation
https://youyun00.com/auth/register,GeeTest Validation
https://cylink.moe/auth/register,GeeTest Validation
https://ccave.com/auth/register,GeeTest Validation
https://www.299323.xyz/auth/register,GeeTest Validation
https://throughoutlife.club/auth/register,GeeTest Validation
https://www.66jsq.top/auth/register,GeeTest Validation
https://haojiahuo.live/auth/register,GeeTest Validation
https://cyana.xyz/auth/register,GeeTest Validation
https://user.58ppyun.com/auth/register,GeeTest Validation
https://my.fyy.pw/auth/register,GeeTest Validation
https://klot.tunaol.cc/auth/register,GeeTest Validation
https://xinv2.com/auth/register,GeeTest Validation
https://www.niee.cc/auth/register,GeeTest Validation
https://ark.to/auth/register,Google reCAPTCHA
https://gsou.link/auth/register,Google reCAPTCHA
https://sublsj.xyz/auth/register,Google reCAPTCHA
https://www.heduian.pw/auth/register,Google reCAPTCHA
https://gsoust.xyz/auth/register,Google reCAPTCHA
https://gsouer.buzz/auth/register,Google reCAPTCHA
https://dripcloud.uno/auth/register,Google reCAPTCHA
https://ppv2.cc/auth/register,Google reCAPTCHA
https://www.acrosslinehosting.com/auth/register,Google reCAPTCHA;Email Validation
https://www.dinuxcloud.com/auth/register,Google reCAPTCHA;Email Validation
https://www.kosu.cc/auth/register,Google reCAPTCHA;Email Validation
https://acrosslinehosting.com/auth/register,Google reCAPTCHA;Email Validation
https://xixicats.pw/auth/register,Normal
https://cv2.us/auth/register,Normal
https://www.moyucloud.com/auth/register,Normal
https://ek12.me/auth/register,Normal
https://zeroclouds.xyz/auth/register,Normal
https://88cloud.top/auth/register,Normal
https://bilii.org/auth/register,Normal
https://www.freedog.pw/auth/register,Normal
https://tianhang.shop/auth/register,Normal
https://maoqiang.xyz/auth/register,Normal
https://www.jafiyun.cc/auth/register,Normal
https://www.pokercloud.top/auth/register,Normal
https://www.onesy.top/auth/register,Normal
https://fanqiev2.com/auth/register,Normal
https://pucloud.live/auth/register,Normal
https://www.kthjsq.com/auth/register,Normal
https://www.gfwssg.com/auth/register,Normal
https://www.299.best/auth/register,Normal
https://xkspeed.top/auth/register,Normal
https://www.ktyjsq.com/auth/register,Normal
https://www.assr.vip/auth/register,Normal
https://kuaiyun999.cc/auth/register,Normal
https://www.onezz.me/auth/register,Normal
https://ssru6.pw/auth/register,Normal
https://www.tui889.xyz/auth/register,Normal
https://7sucloud.xyz/auth/register,Normal
https://sater.pw/auth/register,Normal
https://m.lemon77.im/auth/register,Normal
https://www.hcwldy.icu/auth/register,Normal
https://linkade.tech/auth/register,Normal
https://11v.io/auth/register,Normal
https://www.fangzhou.date/auth/register,Normal
https://www.pokercloud.icu/auth/register,Normal
https://zerocloud.works/auth/register,Normal
https://ouer.cc/auth/register,Normal
https://4thunter.net/auth/register,Normal
https://ek12.website/auth/register,Normal
https://cat.cloudnetwork.pro/auth/register,Normal
https://www.kmbyun.com/auth/register,Normal
https://78ssr.in/auth/register,Normal
https://youxiniang.top/auth/register,Normal
https://account.boostclouds.com/auth/register,Normal
https://78cloud.top/auth/register,Normal
https://shangwangke.org/auth/register,Normal
https://www.avacc.xyz/auth/register,Normal
https://www.ouer.best/auth/register,Normal
https://www.anegg.win/auth/register,Normal
https://www.ledlandi.com/auth/register,Normal
https://luoboquan2.top/auth/register,Normal
https://cv2.fun/auth/register,Normal
https://www.s-cat.win/auth/register,Normal
https://wol.company/auth/register,Normal
https://ayucloud.services/auth/register,Normal
https://www.mixhost.cf/auth/register,Normal
https://www.v2raya.vip/auth/register,Normal
https://ipyipy.cc/auth/register,Normal
https://www.youxiniang.xyz/auth/register,Normal
http://rosario-steakhaus-berlin.de/auth/register,危险通信(HTTP)
http://goconnect.cc/auth/register,危险通信(HTTP)
http://www.kmlab.cc/auth/register,危险通信(HTTP)
http://yyqdh.com/auth/register,危险通信(HTTP)
http://47.243.133.126/auth/register,危险通信(HTTP)
http://dage666.xyz/auth/register,危险通信(HTTP)
http://kthyun.com/auth/register,危险通信(HTTP)
http://www.xinyun.cyou/auth/register,危险通信(HTTP)
http://www.orangespeed.xyz/auth/register,危险通信(HTTP)
http://www.syvpn.buzz/auth/register,危险通信(HTTP)
http://www.superfast8.com/auth/register,危险通信(HTTP)
http://cyanmori.com/auth/register,危险通信(HTTP)
http://online.su147.com/auth/register,危险通信(HTTP)
http://雫猫.com/auth/register,危险通信(HTTP)
http://www.8pig.org/auth/register,危险通信(HTTP)
http://www.seeu.pw/auth/register,危险通信(HTTP)
http://v2find.club/auth/register,危险通信(HTTP)
http://yzkj.best/auth/register,危险通信(HTTP)
http://gowc.xyz/auth/register,危险通信(HTTP)
http://www.vp-ro.cc/auth/register,危险通信(HTTP)
http://149.129.64.8/auth/register,危险通信(HTTP)
http://u7na.mwywi.jqxu1.99xg3e6.porolink.one/auth/register,危险通信(HTTP)
http://www.nyanyaszs.cloud/auth/register,危险通信(HTTP)
http://ast1.xyz/auth/register,危险通信(HTTP)
http://www.rongyue.top/auth/register,危险通信(HTTP)
http://www.zococ.co/auth/register,危险通信(HTTP)
http://www.topmanssr.com/auth/register,危险通信(HTTP)
http://www.maiyatang999.com/auth/register,危险通信(HTTP)
http://miao2021.xyz/auth/register,危险通信(HTTP)
http://sic-stuttgart.de/auth/register,危险通信(HTTP)
http://216.127.187.77/auth/register,危险通信(HTTP)
http://mfyun.xyz/auth/register,危险通信(HTTP)
http://wanda123.xyz/auth/register,危险通信(HTTP)
http://ssrcool.com/auth/register,危险通信(HTTP)
http://51jiasu.cc/auth/register,危险通信(HTTP)
http://www.db01.in/auth/register,危险通信(HTTP)
http://clould.ltd/auth/register,危险通信(HTTP)
http://pixiv.life/auth/register,危险通信(HTTP)
http://ssnct.info/auth/register,危险通信(HTTP)
http://huanying.xyz/auth/register,危险通信(HTTP)
http://zococ.co/auth/register,危险通信(HTTP)
http://ssr.doby2333.com/auth/register,危险通信(HTTP)
http://futawall.com/auth/register,危险通信(HTTP)
http://www.hnyhgl.com/auth/register,危险通信(HTTP)
http://ssd.dandaner.com/auth/register,危险通信(HTTP)
http://ttsyun.com/auth/register,危险通信(HTTP)
http://www.502jsq.com/auth/register,危险通信(HTTP)
http://101.32.38.29/auth/register,危险通信(HTTP)
http://www.heita6.com/auth/register,危险通信(HTTP)
http://ky00.top/auth/register,危险通信(HTTP)
http://txscloud.xyz/auth/register,危险通信(HTTP)
http://yooo.me/auth/register,危险通信(HTTP)
http://www.dishcross.xyz/auth/register,危险通信(HTTP)
http://140.238.10.38/auth/register,危险通信(HTTP)
http://pixiv.digital/auth/register,危险通信(HTTP)
http://207.148.94.31/auth/register,危险通信(HTTP)
http://cloudtu.cc/auth/register,危险通信(HTTP)
http://www.iepl专线.com/auth/register,危险通信(HTTP)
http://xcat.cloud/auth/register,危险通信(HTTP)
http://faustball-reichenbach.de/auth/register,危险通信(HTTP)
http://sss.2021nice.club/auth/register,危险通信(HTTP)
http://fastpeak.net/auth/register,危险通信(HTTP)
http://www.catwalk121.com/auth/register,危险通信(HTTP)
http://wolun555.com/auth/register,危险通信(HTTP)
http://www.porolink.one/auth/register,危险通信(HTTP)
http://www.nbbn.pro/auth/register,危险通信(HTTP)
http://dtze-forum.de/auth/register,危险通信(HTTP)
http://49.51.204.113/auth/register,危险通信(HTTP)
http://www.52jingtanhao.org/auth/register,危险通信(HTTP)
http://xffvip.xyz/auth/register,危险通信(HTTP)
http://xiaowu.life/auth/register,危险通信(HTTP)
http://www.flybar1.cc/auth/register,危险通信(HTTP)
http://7lian.im/auth/register,危险通信(HTTP)
http://apollo333.com/auth/register,危险通信(HTTP)
http://wow123.xyz/auth/register,危险通信(HTTP)
http://yedao334.xyz/auth/register,危险通信(HTTP)
http://tudouvp.com/auth/register,危险通信(HTTP)
http://niniubiwoc.xyz/auth/register,危险通信(HTTP)
http://全球加速.com/auth/register,危险通信(HTTP)
http://subrocket.xyz/auth/register,危险通信(HTTP)
http://www.pandabb.xyz/auth/register,危险通信(HTTP)
http://198.211.36.199/auth/register,危险通信(HTTP)
http://topman8848.com/auth/register,危险通信(HTTP)
http://www.xiaozha.pro/auth/register,危险通信(HTTP)
http://www.algyun.com/auth/register,危险通信(HTTP)
http://v2cloud.site/auth/register,危险通信(HTTP)
http://kiecr.cn/auth/register,危险通信(HTTP)
http://ziyo.us/auth/register,危险通信(HTTP)
http://der-gelbe-schein.de/auth/register,危险通信(HTTP)
http://wangmen.xyz/auth/register,危险通信(HTTP)
http://www.niuniu.site/auth/register,危险通信(HTTP)
http://sccove.com/auth/register,危险通信(HTTP)
http://imomo.site/auth/register,危险通信(HTTP)
http://v2ypro.com/auth/register,危险通信(HTTP)
http://ss.ecy.ren/auth/register,危险通信(HTTP)
http://www.cloudbb.win/auth/register,危险通信(HTTP)
http://www.nima.moe/auth/register,危险通信(HTTP)
http://clyun.pro/auth/register,危险通信(HTTP)
http://www.ouer.best/auth/register,危险通信(HTTP)
http://app.vfan.xyz/auth/register,危险通信(HTTP)
http://6yhy.com/auth/register,危险通信(HTTP)
http://www.lua.buzz/auth/register,危险通信(HTTP)
http://www.wxret.com/auth/register,危险通信(HTTP)
http://172.105.205.253/auth/register,危险通信(HTTP)
http://www.huanying.xyz/auth/register,危险通信(HTTP)
http://seona.one/auth/register,危险通信(HTTP)
http://058850.xyz/auth/register,危险通信(HTTP)
http://1krw.9qeo9.7fqtc.3zegpqb.porolink.one/auth/register,危险通信(HTTP)
http://anthouse.club/auth/register,危险通信(HTTP)
http://ufox.me/auth/register,危险通信(HTTP)
http://hootdooog.com/auth/register,危险通信(HTTP)
http://houzi.me/auth/register,危险通信(HTTP)
http://seeblick-schiffstrasse.de/auth/register,危险通信(HTTP)
http://cmtide.life/auth/register,危险通信(HTTP)
http://ss.yh00.top/auth/register,危险通信(HTTP)
http://149.129.111.59/auth/register,危险通信(HTTP)
http://airleap.xyz/auth/register,危险通信(HTTP)
http://langchao22.xyz/auth/register,危险通信(HTTP)
http://qiushiyun.xyz/auth/register,危险通信(HTTP)
http://xiaocloud.club/auth/register,危险通信(HTTP)
http://greatdeal.cc/auth/register,危险通信(HTTP)
https://call.chenxing.gq/auth/register,拒绝注册
https://www.csvpn.xyz/auth/register,拒绝注册
https://sheepcloud.cc/auth/register,拒绝注册
https://www.kmajsq.com/auth/register,拒绝注册
https://c01.pqs.cloud/auth/register,拒绝注册
https://fastbird.cc/auth/register,拒绝注册
https://oxopron.top/auth/register,拒绝注册
https://www.sbirdo.org/auth/register,拒绝注册
https://vv.wtf.day/auth/register,拒绝注册
https://shejimao.trade/auth/register,拒绝注册
https://huajic.xyz/auth/register,拒绝注册
https://dukou.dev/auth/register,拒绝注册
https://xkspeed.com/auth/register,拒绝注册
https://srg.bar/auth/register,拒绝注册
https://cn.xkv2ray.net/auth/register,拒绝注册
https://www.vpnbaba.com/auth/register,拒绝注册
https://www.bigfeng.club/auth/register,拒绝注册
https://cloud.nima.ma/auth/register,拒绝注册
https://fbi.sale/auth/register,拒绝注册
https://www.vjth.win/auth/register,拒绝注册
https://smokecat.org/auth/register,拒绝注册
https://sspie.buzz/auth/register,拒绝注册
https://chenfeng.cloud/auth/register,拒绝注册
https://www.1belt1road.vip/auth/register,拒绝注册
https://xingxingcloud.cyou/auth/register,拒绝注册
https://www.tannel.xyz/auth/register,拒绝注册
https://alpha.li.sb/auth/register,拒绝注册
https://土司云.com/auth/register,拒绝注册
https://fzyssr.com/auth/register,拒绝注册
https://ricenet.cc/auth/register,拒绝注册
https://axssr.cc/auth/register,拒绝注册
https://www.dvacloud.net/auth/register,拒绝注册
https://stc-clubs.site/auth/register,拒绝注册
https://leline.net/auth/register,拒绝注册
https://www.yropo.top/auth/register,拒绝注册
https://zhqsm.wtf/auth/register,拒绝注册
https://www.qtycloud.xyz/auth/register,拒绝注册
https://hh.sttkk.com/auth/register,拒绝注册
https://www.xinyun.cyou/auth/register,拒绝注册
https://subscribe.fswkmail.live/auth/register,拒绝注册
https://huajic.link/auth/register,拒绝注册
https://1belt1road.vip/auth/register,拒绝注册
https://lse112233.ml/auth/register,拒绝注册
https://niubi.ilaosiji.xyz/auth/register,拒绝注册
https://mod1.qsvpv.com/auth/register,拒绝注册
https://vofolo.co/auth/register,拒绝注册
https://biteb.cc/auth/register,拒绝注册
https://www.ktykty.com/auth/register,拒绝注册
https://vfentou.com/auth/register,拒绝注册
https://dadiangan.com/auth/register,拒绝注册
https://dashboard.dukoucloud.club/auth/register,拒绝注册
https://gkd.support/auth/register,拒绝注册
https://www.xjcy.buzz/auth/register,拒绝注册
https://axss.cc/auth/register,拒绝注册
https://v2cloud.site/auth/register,拒绝注册
https://airdream.xyz/auth/register,拒绝注册
https://sbirdo.org/auth/register,拒绝注册
https://jj.sttkk.com/auth/register,拒绝注册
https://www.autovalue.co.id/auth/register,拒绝注册
https://pluto.aaxc.club/auth/register,拒绝注册
https://3bear.shop/auth/register,拒绝注册
https://webee.vip/auth/register,拒绝注册
https://www.wxret.com/auth/register,拒绝注册
https://goacross2020.com/auth/register,拒绝注册
https://www.seeo.life/auth/register,拒绝注册
https://sdmone.com/auth/register,拒绝注册
https://cyanmori.com/auth/register,拒绝注册
https://ooocloud.xyz/auth/register,拒绝注册
https://dogess.co/auth/register,拒绝注册
https://bigfeng.club/auth/register,拒绝注册
https://cloud.reimu.work/auth/register,拒绝注册
https://kelaiyin.xyz/auth/register,拒绝注册
https://www.zhihu.com/auth/register,拒绝注册
https://www.yzcd.cc/auth/register,拒绝注册
https://llhyun.com/auth/register,拒绝注册
https://www.yyqdh.com/auth/register,拒绝注册
https://xcat1.com/auth/register,拒绝注册
https://nekom.org/auth/register,拒绝注册
https://www.zifaner.com/auth/register,拒绝注册
https://滑稽场.com/auth/register,拒绝注册
https://kkjiasu.com/auth/register,拒绝注册
https://www.ssr99.xyz/auth/register,拒绝注册
https://vofolo.net/auth/register,拒绝注册
https://www.xjycloud.org/auth/register,拒绝注册
https://gkdcloud.shop/auth/register,拒绝注册
https://anway.xyz/auth/register,拒绝注册
https://light-up.cc/auth/register,拒绝注册
https://webee.fun/auth/register,拒绝注册
https://3.36.134.53/auth/register,未授权站点
https://prime.ypork.com/auth/register,请求异常(ERROR:302)
https://ttswly.com/auth/register,请求异常(ERROR:302)
https://7cc.buzz/auth/register,请求异常(ERROR:302)
https://qbklj.xyz/auth/register,请求异常(ERROR:302)
https://linkhub.asia/auth/register,请求异常(ERROR:302)
https://fastnode.info/auth/register,请求异常(ERROR:302)
https://www.algyun.com/auth/register,请求异常(ERROR:302)
https://cococloud.club/auth/register,请求异常(ERROR:302)
https://kuaiyu.xyz/auth/register,请求异常(ERROR:302)
https://dash.project-cyber.com/auth/register,请求异常(ERROR:302)
https://www.newchaoren.cc/auth/register,请求异常(ERROR:302)
https://www.163.com/auth/register,请求异常(ERROR:302)
https://riyumi.xyz/auth/register,请求异常(ERROR:302)
https://河蟹号.com/auth/register,请求异常(ERROR:302)
https://www.xiaoxiaoyun.xyz/auth/register,请求异常(ERROR:302)
https://by1.qqdou.cyou/auth/register,请求异常(ERROR:302)
https://www.sufeiyun.win/auth/register,请求异常(ERROR:302)
https://githubhelp.com/auth/register,请求异常(ERROR:302)
https://ybdml.club/auth/register,请求异常(ERROR:302)
https://topssr.top/auth/register,请求异常(ERROR:302)
https://gitcode.net/auth/register,请求异常(ERROR:302)
https://www.heitower.com/auth/register,请求异常(ERROR:302)
https://anway.wiki/auth/register,请求异常(ERROR:302)
https://www.erha.space/auth/register,请求异常(ERROR:302)
https://www.nekom.org/auth/register,请求异常(ERROR:302)
https://aa.goingsoftv.com/auth/register,请求异常(ERROR:302)
https://lxyun.org/auth/register,请求异常(ERROR:302)
https://ftw.jzfj.shop/auth/register,请求异常(ERROR:302)
https://baike.baidu.com/auth/register,请求异常(ERROR:302)
https://ppssr.tk/auth/register,请求异常(ERROR:302)
https://iceyun.one/auth/register,请求异常(ERROR:403)
https://flysocks.pw/auth/register,请求异常(ERROR:403)
https://imust.cloud/auth/register,请求异常(ERROR:403)
https://celtrans-przewozy.eu/auth/register,请求异常(ERROR:403)
https://tudouvp.top/auth/register,请求异常(ERROR:403)
https://poigvvv.xyz/auth/register,请求异常(ERROR:403)
https://nshfjy.xyz/auth/register,请求异常(ERROR:403)
https://www.sufeiyun.icu/auth/register,请求异常(ERROR:403)
https://www.maomi.in/auth/register,请求异常(ERROR:403)
https://www.franxx.cloud/auth/register,请求异常(ERROR:403)
https://www.x-max.buzz/auth/register,请求异常(ERROR:403)
https://www.kekeyun.cc/auth/register,请求异常(ERROR:403)
https://slyun.xyz/auth/register,请求异常(ERROR:404)
https://cl999.men/auth/register,请求异常(ERROR:404)
https://zh.wikipedia.org/auth/register,请求异常(ERROR:404)
https://unicom.icu/auth/register,请求异常(ERROR:404)
https://vpnbaba.com/auth/register,请求异常(ERROR:404)
https://jiaou.xyz/auth/register,请求异常(ERROR:404)
https://www.ssrjs.xyz/auth/register,请求异常(ERROR:404)
https://虹桥国际机场.com/auth/register,请求异常(ERROR:404)
https://www.maomi.cool/auth/register,请求异常(ERROR:404)
https://selaplane.com/auth/register,请求异常(ERROR:404)
https://www.runoob.com/auth/register,请求异常(ERROR:404)
https://www.meiju.video/auth/register,请求异常(ERROR:404)
https://gitee.com/auth/register,请求异常(ERROR:404)
https://www.worldnod.com/auth/register,请求异常(ERROR:404)
https://ovio.org/auth/register,请求异常(ERROR:404)
https://vip.7color.xyz/auth/register,请求异常(ERROR:404)
https://weilan.app/auth/register,请求异常(ERROR:404)
https://eula.tv/auth/register,请求异常(ERROR:404)
https://gemis.vn/auth/register,请求异常(ERROR:404)
https://linux.cn/auth/register,请求异常(ERROR:404)
https://geekspeed.app/auth/register,请求异常(ERROR:404)
https://www.essr.vip/auth/register,请求异常(ERROR:404)
https://zh.m.wikipedia.org/auth/register,请求异常(ERROR:404)
https://wolaile.icu/auth/register,请求异常(ERROR:404)
https://ashin.us/auth/register,请求异常(ERROR:404)
https://netpad.cloud/auth/register,请求异常(ERROR:404)
https://058850.xyz/auth/register,请求异常(ERROR:404)
https://feiba.cyou/auth/register,请求异常(ERROR:404)
https://vip.nbbn.pro/auth/register,请求异常(ERROR:404)
https://xingsu.cloud/auth/register,请求异常(ERROR:404)
https://www.fooksun.xyz/auth/register,请求异常(ERROR:404)
https://eatpeach.top/auth/register,请求异常(ERROR:404)
https://www.ashin.us/auth/register,请求异常(ERROR:404)
https://wannafree-subscribe.online/auth/register,请求异常(ERROR:404)
https://sdmone.pro/auth/register,请求异常(ERROR:404)
https://www.feiba.cyou/auth/register,请求异常(ERROR:404)
https://www.elkcloud.cc/auth/register,请求异常(ERROR:404)
https://daydaygeek.icu/auth/register,请求异常(ERROR:404)
https://paom.xyz/auth/register,请求异常(ERROR:404)
https://choosealicense.rustwiki.org/auth/register,请求异常(ERROR:404)
https://web.ssr99.xyz/auth/register,请求异常(ERROR:404)
https://github.com/auth/register,请求异常(ERROR:404)
https://awesomeopensource.com/auth/register,请求异常(ERROR:404)
https://worldnod.com/auth/register,请求异常(ERROR:404)
https://www.joyk.com/auth/register,请求异常(ERROR:404)
https://moebi.in/auth/register,请求异常(ERROR:520)
https://clyun.vip/auth/register,请求异常(ERROR:521)
https://sgv2.club/auth/register,请求异常(ERROR:521)
https://immcloud.cc/auth/register,请求异常(ERROR:521)
https://xiaodeng.pro/auth/register,请求异常(ERROR:522)
https://loliyun.xyz/auth/register,请求异常(ERROR:522)
https://www.ufox.me/auth/register,请求异常(ERROR:522)
https://gs1024.com/auth/register,请求异常(ERROR:522)
https://www.laniaoc.com/auth/register,请求异常(ERROR:522)
https://saocaozuo.me/auth/register,请求异常(ERROR:522)
https://www.xingsu.cloud/auth/register,请求异常(ERROR:522)
https://key.zumwv.com/auth/register,请求异常(ERROR:522)
https://h1.maxspeed.cloud/auth/register,请求异常(ERROR:522)
https://pupucloud.live/auth/register,请求异常(ERROR:522)
https://bananasuperman.cf/auth/register,请求异常(ERROR:522)
https://wfw18.com/auth/register,请求异常(ERROR:522)
https://pupuup.tools/auth/register,请求异常(ERROR:522)
https://www.胡桃.com/auth/register,请求异常(ERROR:522)
https://www.jisu569.com/auth/register,请求异常(ERROR:522)
https://www.wjapp.top/auth/register,请求异常(ERROR:525)
https://ss123456.xyz/auth/register,请求异常(ERROR:526)
https://www.ke1.xyz/auth/register,请求异常(ERROR:526)
https://www.ss123456.xyz/auth/register,请求异常(ERROR:526)
https://oguricap.run/auth/register,请求异常(ERROR:526)
https://miaocloud.online/auth/register,限制注册(邀请)
https://zcssr.com/auth/register,限制注册(邀请)
https://chnroute.com/auth/register,限制注册(邀请)
https://wdnmd.click/auth/register,限制注册(邀请)
https://20220815.com/auth/register,限制注册(邀请)
https://www.pandasleep.com/auth/register,限制注册(邀请)
https://v2plus.cc/auth/register,限制注册(邀请)
https://2mb.network/auth/register,限制注册(邀请)
https://v2nb.cc/auth/register,限制注册(邀请)
https://adamz.digital/auth/register,限制注册(邀请)
https://xtspeeder.com/auth/register,限制注册(邀请)
https://f.vpork.com/auth/register,限制注册(邀请)
https://www.cnspeed.xyz/auth/register,限制注册(邀请)
https://www.flixer.club/auth/register,限制注册(邀请)
https://www.offshoreview.xyz/auth/register,限制注册(邀请)
https://www.sjlx.win/auth/register,限制注册(邀请)
https://www.huojianyun.net/auth/register,限制注册(邀请)
https://www.2333cloud.net/auth/register,限制注册(邀请)
https://www.fastpeak.net/auth/register,限制注册(邀请)
https://xun.nntui.com/auth/register,限制注册(邀请)
https://lanan.top/auth/register,限制注册(邀请)
https://www.xiaoqinwa.club/auth/register,限制注册(邀请)
https://a.wanna-free.best/auth/register,限制注册(邮箱)
https://nsfwcloud.com/auth/register,限制注册(邮箱)
https://ddjppt.shop/auth/register,限制注册(邮箱)
https://socloud.me/auth/register,限制注册(邮箱)
https://www.promey.pro/auth/register,限制注册(邮箱)
https://www.jisutizi.xyz/auth/register,限制注册(邮箱)
https://echo99.xyz/auth/register,限制注册(邮箱)
https://www.paofu.cloud/auth/register,限制注册(邮箱)
https://www.hjtnt.cc/auth/register,限制注册(邮箱)
https://www.luckyant.xyz/auth/register,限制注册(邮箱)
https://socloud.cc/auth/register,限制注册(邮箱)
https://www.vpn200.net/auth/register,限制注册(邮箱)
https://www.luckyair.xyz/auth/register,限制注册(邮箱)
https://yiyo.io/auth/register,限制注册(邮箱)
https://www.hnyhgl.com/auth/register,限制注册(邮箱)
https://www.sufeiyun.com/auth/register,限制注册(邮箱)
https://linbei.net/auth/register,限制注册(邮箱)
https://www.onelight.cc/auth/register,限制注册(邮箱)
https://www.woccloud.io/auth/register,限制注册(邮箱)
https://zerocloud.biz/auth/register,限制注册(邮箱)
https://paofu.cloud/auth/register,限制注册(邮箱)
https://lanlianhuayun.com/auth/register,限制注册(邮箱)
https://getluffy.asia/auth/register,限制注册(邮箱)
https://www.marst1.com/auth/register,限制注册(邮箱)
https://www.smartdragonvpn.com/auth/register,限制注册(邮箱)
https://miru.cloud/auth/register,限制注册(邮箱)
https://zhqsm.icu/auth/register,限制注册(邮箱)
https://tiyunzong.cloud/auth/register,限制注册(邮箱)
https://sufeiyun.com/auth/register,限制注册(邮箱)
https://easier.site/auth/register,限制注册(邮箱)
https://hyss.org/auth/register,限制注册(邮箱)
https://netsky.club/auth/register,限制注册(邮箱)
https://mxwljsq.com/auth/register,限制注册(邮箱)
https://hy-ss.org/auth/register,限制注册(邮箱)
